"member_id","ProgramStudi_id","Nama"
"229872","743","Profesi PENDIDIKAN PROFESI NERS"
"229872","743","Profesi PENDIDIKAN PROFESI NERS"
"209581","666","S1 BAHASA DAN SASTRA INGGRIS"
"209574","666","S1 BAHASA DAN SASTRA INGGRIS"
"227105","146","D3 BAHASA INGGRIS"
"227105","146","D3 BAHASA INGGRIS"
"227105","146","D3 BAHASA INGGRIS"
"227105","146","D3 BAHASA INGGRIS"
"227105","146","D3 BAHASA INGGRIS"
"227105","146","D3 BAHASA INGGRIS"
"192208","14","S1 Ilmu Informasi dan Perpustakaan"
"209518","665","S1 BAHASA DAN SASTRA INDONESIA"
"209807","30","S1 Ilmu Sejarah"
"209530","665","S1 BAHASA DAN SASTRA INDONESIA"
"213126","11","S1 Ilmu Hubungan Internasional"
"187629","665","S1 BAHASA DAN SASTRA INDONESIA"
"187629","665","S1 BAHASA DAN SASTRA INDONESIA"
"207606","665","S1 BAHASA DAN SASTRA INDONESIA"
"207606","665","S1 BAHASA DAN SASTRA INDONESIA"
"188222","4","S1 Ilmu Hukum"
"186369","146","D3 BAHASA INGGRIS"
"207734","30","S1 Ilmu Sejarah"
"207734","30","S1 Ilmu Sejarah"
"207734","30","S1 Ilmu Sejarah"
"229917","5","S1 Ekonomi Pembangunan"
"187593","665","S1 BAHASA DAN SASTRA INDONESIA"
"187593","665","S1 BAHASA DAN SASTRA INDONESIA"
"226543","30","S1 Ilmu Sejarah"
"169064","667","S1 EKONOMI ISLAM"
"167919","4","S1 Ilmu Hukum"
"187651","665","S1 BAHASA DAN SASTRA INDONESIA"
"187651","665","S1 BAHASA DAN SASTRA INDONESIA"
"171333","14","S1 Ilmu Informasi dan Perpustakaan"
"171333","14","S1 Ilmu Informasi dan Perpustakaan"
"171333","14","S1 Ilmu Informasi dan Perpustakaan"
"171333","14","S1 Ilmu Informasi dan Perpustakaan"
"171333","14","S1 Ilmu Informasi dan Perpustakaan"
"209806","30","S1 Ilmu Sejarah"
"192252","14","S1 Ilmu Informasi dan Perpustakaan"
"209578","666","S1 BAHASA DAN SASTRA INGGRIS"
"167600","4","S1 Ilmu Hukum"
"167600","4","S1 Ilmu Hukum"
"167600","4","S1 Ilmu Hukum"
"167600","4","S1 Ilmu Hukum"
"167600","4","S1 Ilmu Hukum"
"167600","4","S1 Ilmu Hukum"
"167600","4","S1 Ilmu Hukum"
"167600","4","S1 Ilmu Hukum"
"168778","6","S1 Akuntansi"
"235001","43","S2 Kenotariatan"
"235001","43","S2 Kenotariatan"
"235001","43","S2 Kenotariatan"
"233635","677","S1 TEKNIK BIOMEDIS"
"233635","677","S1 TEKNIK BIOMEDIS"
"206512","57","S2 Sosiologi"
"206512","57","S2 Sosiologi"
"206512","57","S2 Sosiologi"
"235001","43","S2 Kenotariatan"
"235001","43","S2 Kenotariatan"
"213347","16","S1 Antropologi"
"187654","665","S1 BAHASA DAN SASTRA INDONESIA"
"232826","670","S1 ILMU POLITIK"
"232804","670","S1 ILMU POLITIK"
"209857","779","S1 Bahasa dan Sastra Jepang"
"167694","4","S1 Ilmu Hukum"
"207734","30","S1 Ilmu Sejarah"
"243934","561","S2-KAJIAN SASTRA DAN BUDAYA"
"243934","561","S2-KAJIAN SASTRA DAN BUDAYA"
"243934","561","S2-KAJIAN SASTRA DAN BUDAYA"
"243934","561","S2-KAJIAN SASTRA DAN BUDAYA"
"228895","666","S1 BAHASA DAN SASTRA INGGRIS"
"228895","666","S1 BAHASA DAN SASTRA INGGRIS"
"228895","666","S1 BAHASA DAN SASTRA INGGRIS"
"228895","666","S1 BAHASA DAN SASTRA INGGRIS"
"228895","666","S1 BAHASA DAN SASTRA INGGRIS"
"228895","666","S1 BAHASA DAN SASTRA INGGRIS"
"228895","666","S1 BAHASA DAN SASTRA INGGRIS"
"209652","666","S1 BAHASA DAN SASTRA INGGRIS"
"209697","666","S1 BAHASA DAN SASTRA INGGRIS"
"209468","665","S1 BAHASA DAN SASTRA INDONESIA"
"209468","665","S1 BAHASA DAN SASTRA INDONESIA"
"243718","49","S2 Farmasi Klinik"
"243717","49","S2 Farmasi Klinik"
"167088","665","S1 BAHASA DAN SASTRA INDONESIA"
"167088","665","S1 BAHASA DAN SASTRA INDONESIA"
"167088","665","S1 BAHASA DAN SASTRA INDONESIA"
"167088","665","S1 BAHASA DAN SASTRA INDONESIA"
"209462","665","S1 BAHASA DAN SASTRA INDONESIA"
"209462","665","S1 BAHASA DAN SASTRA INDONESIA"
"236159","749","D4 MANAJEMEN PERHOTELAN"
"188297","4","S1 Ilmu Hukum"
"190096","667","S1 EKONOMI ISLAM"
"188583","4","S1 Ilmu Hukum"
"226446","734","S1 AKUNTANSI (K.BANYUWANGI)"
"167640","4","S1 Ilmu Hukum"
"192055","12","S1 Ilmu Komunikasi"
"209458","665","S1 BAHASA DAN SASTRA INDONESIA"
"167640","4","S1 Ilmu Hukum"
"167678","4","S1 Ilmu Hukum"
"167678","4","S1 Ilmu Hukum"
"167678","4","S1 Ilmu Hukum"
"167678","4","S1 Ilmu Hukum"
"167678","4","S1 Ilmu Hukum"
"167678","4","S1 Ilmu Hukum"
"226604","30","S1 Ilmu Sejarah"
"226604","30","S1 Ilmu Sejarah"
"209803","30","S1 Ilmu Sejarah"
"209803","30","S1 Ilmu Sejarah"
"209806","30","S1 Ilmu Sejarah"
"209806","30","S1 Ilmu Sejarah"
"204447","72","S2 Ilmu Forensik"
"188394","4","S1 Ilmu Hukum"
"188394","4","S1 Ilmu Hukum"
"228909","666","S1 BAHASA DAN SASTRA INGGRIS"
"207798","11","S1 Ilmu Hubungan Internasional"
"216594","747","D4 DESTINASI PARIWISATA"
"216613","747","D4 DESTINASI PARIWISATA"
"216613","747","D4 DESTINASI PARIWISATA"
"216613","747","D4 DESTINASI PARIWISATA"
"216594","747","D4 DESTINASI PARIWISATA"
"216585","747","D4 DESTINASI PARIWISATA"
"226321","24","S1 Kimia"
"209662","666","S1 BAHASA DAN SASTRA INGGRIS"
"209662","666","S1 BAHASA DAN SASTRA INGGRIS"
"230520","6","S1 Akuntansi"
"190861","674","S1 KEDOKTERAN HEWAN"
"171399","14","S1 Ilmu Informasi dan Perpustakaan"
"171399","14","S1 Ilmu Informasi dan Perpustakaan"
"192251","14","S1 Ilmu Informasi dan Perpustakaan"
"216560","747","D4 DESTINASI PARIWISATA"
"216560","747","D4 DESTINASI PARIWISATA"
"216560","747","D4 DESTINASI PARIWISATA"
"207679","17","S1 Sosiologi"
"207679","17","S1 Sosiologi"
"207679","17","S1 Sosiologi"
"208234","131","D3 Perpajakan"
"208234","131","D3 Perpajakan"
"208234","131","D3 Perpajakan"
"208234","131","D3 Perpajakan"
"213330","16","S1 Antropologi"
"156974","666","S1 BAHASA DAN SASTRA INGGRIS"
"156974","666","S1 BAHASA DAN SASTRA INGGRIS"
"156974","666","S1 BAHASA DAN SASTRA INGGRIS"
"167652","4","S1 Ilmu Hukum"
"167652","4","S1 Ilmu Hukum"
"167652","4","S1 Ilmu Hukum"
"167652","4","S1 Ilmu Hukum"
"213330","16","S1 Antropologi"
"209832","779","S1 Bahasa dan Sastra Jepang"
"213330","16","S1 Antropologi"
"167218","666","S1 BAHASA DAN SASTRA INGGRIS"
"187564","665","S1 BAHASA DAN SASTRA INDONESIA"
"187564","665","S1 BAHASA DAN SASTRA INDONESIA"
"146603","30","S1 Ilmu Sejarah"
"204650","43","S2 Kenotariatan"
"204650","43","S2 Kenotariatan"
"204650","43","S2 Kenotariatan"
"194132","755","S1 AKUAKULTUR (SIKIA.BANYUWANGI)"
"228185","28","S1 Psikologi"
"209776","30","S1 Ilmu Sejarah"
"191569","17","S1 Sosiologi"
"191555","17","S1 Sosiologi"
"232926","16","S1 Antropologi"
"167635","4","S1 Ilmu Hukum"
"167635","4","S1 Ilmu Hukum"
"167635","4","S1 Ilmu Hukum"
"167635","4","S1 Ilmu Hukum"
"167635","4","S1 Ilmu Hukum"
"185908","130","D3 Manajemen Pemasaran"
"185908","130","D3 Manajemen Pemasaran"
"207593","687","S2 PSIKOLOGI TERAPAN"
"207593","687","S2 PSIKOLOGI TERAPAN"
"207593","687","S2 PSIKOLOGI TERAPAN"
"207593","687","S2 PSIKOLOGI TERAPAN"
"207593","687","S2 PSIKOLOGI TERAPAN"
"207593","687","S2 PSIKOLOGI TERAPAN"
"207593","687","S2 PSIKOLOGI TERAPAN"
"228986","666","S1 BAHASA DAN SASTRA INGGRIS"
"212488","740","S1 TEKNIK ROBOTIKA DAN KECERDASAN BUATAN"
"212488","740","S1 TEKNIK ROBOTIKA DAN KECERDASAN BUATAN"
"167507","676","S1 STUDI KEJEPANGAN"
"171312","14","S1 Ilmu Informasi dan Perpustakaan"
"213160","11","S1 Ilmu Hubungan Internasional"
"213160","11","S1 Ilmu Hubungan Internasional"
"213160","11","S1 Ilmu Hubungan Internasional"
"167919","4","S1 Ilmu Hukum"
"167919","4","S1 Ilmu Hukum"
"190223","668","S1 FARMASI"
"190223","668","S1 FARMASI"
"204657","43","S2 Kenotariatan"
"167682","4","S1 Ilmu Hukum"
"171167","12","S1 Ilmu Komunikasi"
"189375","6","S1 Akuntansi"
"191615","17","S1 Sosiologi"
"188334","4","S1 Ilmu Hukum"
"188334","4","S1 Ilmu Hukum"
"188334","4","S1 Ilmu Hukum"
"213328","16","S1 Antropologi"
"225628","81","S2 Pengembangan Sumber Daya Manusia"
"233256","23","S1 Matematika"
"233256","23","S1 Matematika"
"207595","665","S1 BAHASA DAN SASTRA INDONESIA"
"207595","665","S1 BAHASA DAN SASTRA INDONESIA"
"216599","747","D4 DESTINASI PARIWISATA"
"213116","11","S1 Ilmu Hubungan Internasional"
"213116","11","S1 Ilmu Hubungan Internasional"
"213121","11","S1 Ilmu Hubungan Internasional"
"213121","11","S1 Ilmu Hubungan Internasional"
"186365","146","D3 BAHASA INGGRIS"
"186365","146","D3 BAHASA INGGRIS"
"186365","146","D3 BAHASA INGGRIS"
"225751","48","S2 Ilmu Farmasi"
"225751","48","S2 Ilmu Farmasi"
"225751","48","S2 Ilmu Farmasi"
"225751","48","S2 Ilmu Farmasi"
"234738","36","S2 Ilmu Kedokteran Dasar"
"234738","36","S2 Ilmu Kedokteran Dasar"
"234738","36","S2 Ilmu Kedokteran Dasar"
"234738","36","S2 Ilmu Kedokteran Dasar"
"167630","4","S1 Ilmu Hukum"
"167630","4","S1 Ilmu Hukum"
"167804","4","S1 Ilmu Hukum"
"167804","4","S1 Ilmu Hukum"
"146609","30","S1 Ilmu Sejarah"
"167645","4","S1 Ilmu Hukum"
"167645","4","S1 Ilmu Hukum"
"167645","4","S1 Ilmu Hukum"
"234945","42","S2 Ilmu Hukum"
"234945","42","S2 Ilmu Hukum"
"234945","42","S2 Ilmu Hukum"
"216554","747","D4 DESTINASI PARIWISATA"
"216554","747","D4 DESTINASI PARIWISATA"
"216554","747","D4 DESTINASI PARIWISATA"
"146609","30","S1 Ilmu Sejarah"
"213186","11","S1 Ilmu Hubungan Internasional"
"186099","131","D3 Perpajakan"
"207867","142","D3 AKUNTANSI"
"186099","131","D3 Perpajakan"
"185987","131","D3 Perpajakan"
"234682","755","S1 AKUAKULTUR (SIKIA.BANYUWANGI)"
"167457","30","S1 Ilmu Sejarah"
"168105","675","S1 KEPERAWATAN"
"216580","747","D4 DESTINASI PARIWISATA"
"224292","747","D4 DESTINASI PARIWISATA"
"216627","747","D4 DESTINASI PARIWISATA"
"167439","30","S1 Ilmu Sejarah"
"167800","4","S1 Ilmu Hukum"
"167800","4","S1 Ilmu Hukum"
"168042","675","S1 KEPERAWATAN"
"168042","675","S1 KEPERAWATAN"
"190183","667","S1 EKONOMI ISLAM"
"244000","585","S2-ILMU HUKUM"
"167652","4","S1 Ilmu Hukum"
"167652","4","S1 Ilmu Hukum"
"167652","4","S1 Ilmu Hukum"
"167652","4","S1 Ilmu Hukum"
"167087","665","S1 BAHASA DAN SASTRA INDONESIA"
"167087","665","S1 BAHASA DAN SASTRA INDONESIA"
"167684","4","S1 Ilmu Hukum"
"167684","4","S1 Ilmu Hukum"
"226220","17","S1 Sosiologi"
"226220","17","S1 Sosiologi"
"226220","17","S1 Sosiologi"
"174585","750","D4 MANAJEMEN PERKANTORAN DIGITAL"
"174585","750","D4 MANAJEMEN PERKANTORAN DIGITAL"
"232443","17","S1 Sosiologi"
"209776","30","S1 Ilmu Sejarah"
"185908","130","D3 Manajemen Pemasaran"
"185908","130","D3 Manajemen Pemasaran"
"185908","130","D3 Manajemen Pemasaran"
"168307","5","S1 Ekonomi Pembangunan"
"210024","4","S1 Ilmu Hukum"
"168307","5","S1 Ekonomi Pembangunan"
"167625","4","S1 Ilmu Hukum"
"167625","4","S1 Ilmu Hukum"
"167625","4","S1 Ilmu Hukum"
"167625","4","S1 Ilmu Hukum"
"167625","4","S1 Ilmu Hukum"
"167625","4","S1 Ilmu Hukum"
"228756","665","S1 BAHASA DAN SASTRA INDONESIA"
"171454","23","S1 Matematika"
"171454","23","S1 Matematika"
"213372","16","S1 Antropologi"
"187558","665","S1 BAHASA DAN SASTRA INDONESIA"
"187558","665","S1 BAHASA DAN SASTRA INDONESIA"
"213372","16","S1 Antropologi"
"171123","16","S1 Antropologi"
"144317","16","S1 Antropologi"
"171402","14","S1 Ilmu Informasi dan Perpustakaan"
"154714","16","S1 Antropologi"
"154714","16","S1 Antropologi"
"154714","16","S1 Antropologi"
"146504","676","S1 STUDI KEJEPANGAN"
"210014","4","S1 Ilmu Hukum"
"232399","17","S1 Sosiologi"
"225749","48","S2 Ilmu Farmasi"
"212828","17","S1 Sosiologi"
"191768","670","S1 ILMU POLITIK"
"188583","4","S1 Ilmu Hukum"
"209482","665","S1 BAHASA DAN SASTRA INDONESIA"
"204662","43","S2 Kenotariatan"
"204662","43","S2 Kenotariatan"
"204662","43","S2 Kenotariatan"
"204662","43","S2 Kenotariatan"
"204662","43","S2 Kenotariatan"
"204662","43","S2 Kenotariatan"
"204662","43","S2 Kenotariatan"
"204662","43","S2 Kenotariatan"
"204662","43","S2 Kenotariatan"
"216598","747","D4 DESTINASI PARIWISATA"
"212860","17","S1 Sosiologi"
"213089","11","S1 Ilmu Hubungan Internasional"
"225749","48","S2 Ilmu Farmasi"
"167652","4","S1 Ilmu Hukum"
"167652","4","S1 Ilmu Hukum"
"167652","4","S1 Ilmu Hukum"
"171375","14","S1 Ilmu Informasi dan Perpustakaan"
"216581","747","D4 DESTINASI PARIWISATA"
"213385","16","S1 Antropologi"
"213342","16","S1 Antropologi"
"243519","530","S2-PSIKOLOGI"
"243519","530","S2-PSIKOLOGI"
"243507","530","S2-PSIKOLOGI"
"207751","16","S1 Antropologi"
"213359","16","S1 Antropologi"
"226764","69","S2 Kajian Sastra Dan Budaya"
"226754","530","S2-PSIKOLOGI"
"243507","530","S2-PSIKOLOGI"
"231885","737","S1 REKAYASA NANOTEKNOLOGI"
"196616","750","D4 MANAJEMEN PERKANTORAN DIGITAL"
"230251","7","S1 Manajemen"
"212337","737","S1 REKAYASA NANOTEKNOLOGI"
"185869","87","S3 Ilmu Farmasi"
"185869","87","S3 Ilmu Farmasi"
"185869","87","S3 Ilmu Farmasi"
"185869","87","S3 Ilmu Farmasi"
"235915","752","D4 TEKNOLOGI LABORATORIUM MEDIK"
"168089","675","S1 KEPERAWATAN"
"168097","675","S1 KEPERAWATAN"
"235036","43","S2 Kenotariatan"
"235036","43","S2 Kenotariatan"
"170141","740","S1 TEKNIK ROBOTIKA DAN KECERDASAN BUATAN"
"227950","671","S1 KEBIDANAN"
"167755","4","S1 Ilmu Hukum"
"185842","30","S1 Ilmu Sejarah"
"167609","4","S1 Ilmu Hukum"
"167609","4","S1 Ilmu Hukum"
"224338","782","S2 SAINS INFORMASI DAN PERPUSTAKAAN"
"235508","89","S3 Ilmu Sosial"
"167755","4","S1 Ilmu Hukum"
"167871","4","S1 Ilmu Hukum"
"232434","17","S1 Sosiologi"
"232466","17","S1 Sosiologi"
"226543","30","S1 Ilmu Sejarah"
"226543","30","S1 Ilmu Sejarah"
"234754","685","S2 PSIKOLOGI"
"234754","685","S2 PSIKOLOGI"
"152175","7","S1 Manajemen"
"152175","7","S1 Manajemen"
"152175","7","S1 Manajemen"
"243502","530","S2-PSIKOLOGI"
"243502","530","S2-PSIKOLOGI"
"167776","4","S1 Ilmu Hukum"
"187765","666","S1 BAHASA DAN SASTRA INGGRIS"
"187765","666","S1 BAHASA DAN SASTRA INGGRIS"
"187765","666","S1 BAHASA DAN SASTRA INGGRIS"
"187765","666","S1 BAHASA DAN SASTRA INGGRIS"
"209582","666","S1 BAHASA DAN SASTRA INGGRIS"
"167189","666","S1 BAHASA DAN SASTRA INGGRIS"
"171377","14","S1 Ilmu Informasi dan Perpustakaan"
"132941","667","S1 EKONOMI ISLAM"
"167504","676","S1 STUDI KEJEPANGAN"
"215906","689","S3 ILMU AKUNTANSI"
"215906","689","S3 ILMU AKUNTANSI"
"215906","689","S3 ILMU AKUNTANSI"
"195413","749","D4 MANAJEMEN PERHOTELAN"
"232386","17","S1 Sosiologi"
"232442","17","S1 Sosiologi"
"213089","11","S1 Ilmu Hubungan Internasional"
"213089","11","S1 Ilmu Hubungan Internasional"
"172674","755","S1 AKUAKULTUR (SIKIA.BANYUWANGI)"
"213810","22","S1 Biologi"
"169230","667","S1 EKONOMI ISLAM"
"207727","30","S1 Ilmu Sejarah"
"213089","11","S1 Ilmu Hubungan Internasional"
"216861","748","D4 KESELAMATAN DAN KESEHATAN KERJA"
"215724","64","S2 Administrasi Dan Kebijakan Kesehatan"
"167075","665","S1 BAHASA DAN SASTRA INDONESIA"
"167075","665","S1 BAHASA DAN SASTRA INDONESIA"
"167075","665","S1 BAHASA DAN SASTRA INDONESIA"
"211378","667","S1 EKONOMI ISLAM"
"236445","753","D4 TEKNOLOGI REKAYASA INSTRUMENTASI DAN KONTROL"
"234296","669","S1 GIZI"
"244065","745","S1 MBKM"
"188229","4","S1 Ilmu Hukum"
"187558","665","S1 BAHASA DAN SASTRA INDONESIA"
"187558","665","S1 BAHASA DAN SASTRA INDONESIA"
"157090","676","S1 STUDI KEJEPANGAN"
"187558","665","S1 BAHASA DAN SASTRA INDONESIA"
"214687","669","S1 GIZI"
"214571","669","S1 GIZI"
"187561","665","S1 BAHASA DAN SASTRA INDONESIA"
"210407","675","S1 KEPERAWATAN"
"211467","667","S1 EKONOMI ISLAM"
"165133","16","S1 Antropologi"
"208234","131","D3 Perpajakan"
"208234","131","D3 Perpajakan"
"208234","131","D3 Perpajakan"
"168544","7","S1 Manajemen"
"232391","17","S1 Sosiologi"
"232391","17","S1 Sosiologi"
"167643","4","S1 Ilmu Hukum"
"167643","4","S1 Ilmu Hukum"
"167643","4","S1 Ilmu Hukum"
"167643","4","S1 Ilmu Hukum"
"234926","42","S2 Ilmu Hukum"
"195726","752","D4 TEKNOLOGI LABORATORIUM MEDIK"
"195726","752","D4 TEKNOLOGI LABORATORIUM MEDIK"
"195726","752","D4 TEKNOLOGI LABORATORIUM MEDIK"
"195726","752","D4 TEKNOLOGI LABORATORIUM MEDIK"
"233149","14","S1 Ilmu Informasi dan Perpustakaan"
"185869","87","S3 Ilmu Farmasi"
"185869","87","S3 Ilmu Farmasi"
"185869","87","S3 Ilmu Farmasi"
"208973","28","S1 Psikologi"
"233514","24","S1 Kimia"
"167759","4","S1 Ilmu Hukum"
"167759","4","S1 Ilmu Hukum"
"167759","4","S1 Ilmu Hukum"
"167759","4","S1 Ilmu Hukum"
"232379","17","S1 Sosiologi"
"144560","678","S1 TEKNIK LINGKUNGAN"
"144560","678","S1 TEKNIK LINGKUNGAN"
"144560","678","S1 TEKNIK LINGKUNGAN"
"144560","678","S1 TEKNIK LINGKUNGAN"
"144560","678","S1 TEKNIK LINGKUNGAN"
"144560","678","S1 TEKNIK LINGKUNGAN"
"191636","17","S1 Sosiologi"
"171124","16","S1 Antropologi"
"171333","14","S1 Ilmu Informasi dan Perpustakaan"
"171333","14","S1 Ilmu Informasi dan Perpustakaan"
"171333","14","S1 Ilmu Informasi dan Perpustakaan"
"171333","14","S1 Ilmu Informasi dan Perpustakaan"
"243729","597","S2-ILMU LINGUISTIK"
"243729","597","S2-ILMU LINGUISTIK"
"243729","597","S2-ILMU LINGUISTIK"
"243729","597","S2-ILMU LINGUISTIK"
"189136","5","S1 Ekonomi Pembangunan"
"234296","669","S1 GIZI"
"229374","4","S1 Ilmu Hukum"
"213330","16","S1 Antropologi"
"215070","72","S2 Ilmu Forensik"
"156974","666","S1 BAHASA DAN SASTRA INGGRIS"
"167110","665","S1 BAHASA DAN SASTRA INDONESIA"
"226468","131","D3 Perpajakan"
"233593","677","S1 TEKNIK BIOMEDIS"
"233595","677","S1 TEKNIK BIOMEDIS"
"226468","131","D3 Perpajakan"
"226468","131","D3 Perpajakan"
"226468","131","D3 Perpajakan"
"185186","669","S1 GIZI"
"185186","669","S1 GIZI"
"209486","665","S1 BAHASA DAN SASTRA INDONESIA"
"156762","665","S1 BAHASA DAN SASTRA INDONESIA"
"156762","665","S1 BAHASA DAN SASTRA INDONESIA"
"212853","17","S1 Sosiologi"
"212853","17","S1 Sosiologi"
"209486","665","S1 BAHASA DAN SASTRA INDONESIA"
"209486","665","S1 BAHASA DAN SASTRA INDONESIA"
"209486","665","S1 BAHASA DAN SASTRA INDONESIA"
"167147","665","S1 BAHASA DAN SASTRA INDONESIA"
"167147","665","S1 BAHASA DAN SASTRA INDONESIA"
"214780","756","S1 KEDOKTERAN HEWAN (SIKIA.BANYUWANGI)"
"202512","778","D4 TEKNIK INFORMATIKA"
"167159","665","S1 BAHASA DAN SASTRA INDONESIA"
"167159","665","S1 BAHASA DAN SASTRA INDONESIA"
"167643","4","S1 Ilmu Hukum"
"233946","18","S1 Statistika"
"243729","597","S2-ILMU LINGUISTIK"
"243729","597","S2-ILMU LINGUISTIK"
"243729","597","S2-ILMU LINGUISTIK"
"171209","12","S1 Ilmu Komunikasi"
"194109","755","S1 AKUAKULTUR (SIKIA.BANYUWANGI)"
"194109","755","S1 AKUAKULTUR (SIKIA.BANYUWANGI)"
"187589","665","S1 BAHASA DAN SASTRA INDONESIA"
"187589","665","S1 BAHASA DAN SASTRA INDONESIA"
"187589","665","S1 BAHASA DAN SASTRA INDONESIA"
"230227","7","S1 Manajemen"
"136971","30","S1 Ilmu Sejarah"
"136971","30","S1 Ilmu Sejarah"
"167898","4","S1 Ilmu Hukum"
"167898","4","S1 Ilmu Hukum"
"167898","4","S1 Ilmu Hukum"
"167857","4","S1 Ilmu Hukum"
"167857","4","S1 Ilmu Hukum"
"244066","745","S1 MBKM"
"207481","667","S1 EKONOMI ISLAM"
"207481","667","S1 EKONOMI ISLAM"
"167843","4","S1 Ilmu Hukum"
"167843","4","S1 Ilmu Hukum"
"167843","4","S1 Ilmu Hukum"
"167987","675","S1 KEPERAWATAN"
"167987","675","S1 KEPERAWATAN"
"167987","675","S1 KEPERAWATAN"
"236667","748","D4 KESELAMATAN DAN KESEHATAN KERJA"
"236667","748","D4 KESELAMATAN DAN KESEHATAN KERJA"
"172367","26","S1 Kesehatan Masyarakat"
"225589","43","S2 Kenotariatan"
"228202","28","S1 Psikologi"
"228202","28","S1 Psikologi"
"228202","28","S1 Psikologi"
"234959","71","S2 Keperawatan"
"234959","71","S2 Keperawatan"
"228279","28","S1 Psikologi"
"236515","748","D4 KESELAMATAN DAN KESEHATAN KERJA"
"202512","778","D4 TEKNIK INFORMATIKA"
"167804","4","S1 Ilmu Hukum"
"167804","4","S1 Ilmu Hukum"
"167804","4","S1 Ilmu Hukum"
"171234","12","S1 Ilmu Komunikasi"
"167757","4","S1 Ilmu Hukum"
"167757","4","S1 Ilmu Hukum"
"167757","4","S1 Ilmu Hukum"
"167757","4","S1 Ilmu Hukum"
"167757","4","S1 Ilmu Hukum"
"167757","4","S1 Ilmu Hukum"
"167757","4","S1 Ilmu Hukum"
"207854","142","D3 AKUNTANSI"
"171014","670","S1 ILMU POLITIK"
"185719","678","S1 TEKNIK LINGKUNGAN"
"215208","42","S2 Ilmu Hukum"
"215208","42","S2 Ilmu Hukum"
"215229","42","S2 Ilmu Hukum"
"215229","42","S2 Ilmu Hukum"
"215229","42","S2 Ilmu Hukum"
"215229","42","S2 Ilmu Hukum"
"215229","42","S2 Ilmu Hukum"
"215229","42","S2 Ilmu Hukum"
"215229","42","S2 Ilmu Hukum"
"226990","142","D3 AKUNTANSI"
"226990","142","D3 AKUNTANSI"
"226957","142","D3 AKUNTANSI"
"226953","142","D3 AKUNTANSI"
"226953","142","D3 AKUNTANSI"
"167405","666","S1 BAHASA DAN SASTRA INGGRIS"
"167405","666","S1 BAHASA DAN SASTRA INGGRIS"
"167405","666","S1 BAHASA DAN SASTRA INGGRIS"
"167108","665","S1 BAHASA DAN SASTRA INDONESIA"
"167108","665","S1 BAHASA DAN SASTRA INDONESIA"
"157055","676","S1 STUDI KEJEPANGAN"
"191702","670","S1 ILMU POLITIK"
"212650","739","S1 TEKNIK INDUSTRI"
"167975","675","S1 KEPERAWATAN"
"167975","675","S1 KEPERAWATAN"
"187672","666","S1 BAHASA DAN SASTRA INGGRIS"
"187538","30","S1 Ilmu Sejarah"
"167426","30","S1 Ilmu Sejarah"
"167426","30","S1 Ilmu Sejarah"
"167426","30","S1 Ilmu Sejarah"
"167426","30","S1 Ilmu Sejarah"
"226754","530","S2-PSIKOLOGI"
"166959","673","S1 KEDOKTERAN GIGI"
"207838","142","D3 AKUNTANSI"
"207838","142","D3 AKUNTANSI"
"194716","148","D4 FISIOTERAPI"
"194716","148","D4 FISIOTERAPI"
"187606","665","S1 BAHASA DAN SASTRA INDONESIA"
"209462","665","S1 BAHASA DAN SASTRA INDONESIA"
"187524","30","S1 Ilmu Sejarah"
"167078","665","S1 BAHASA DAN SASTRA INDONESIA"
"209441","665","S1 BAHASA DAN SASTRA INDONESIA"
"209442","665","S1 BAHASA DAN SASTRA INDONESIA"
"167470","30","S1 Ilmu Sejarah"
"189017","5","S1 Ekonomi Pembangunan"
"244065","745","S1 MBKM"
"168307","5","S1 Ekonomi Pembangunan"
"168307","5","S1 Ekonomi Pembangunan"
"234876","70","S2 Ilmu Linguistik"
"234876","70","S2 Ilmu Linguistik"
"171661","22","S1 Biologi"
"171661","22","S1 Biologi"
"171661","22","S1 Biologi"
"167975","675","S1 KEPERAWATAN"
"167975","675","S1 KEPERAWATAN"
"167975","675","S1 KEPERAWATAN"
"163542","72","S2 Ilmu Forensik"
"163542","72","S2 Ilmu Forensik"
"163542","72","S2 Ilmu Forensik"
"163542","72","S2 Ilmu Forensik"
"163542","72","S2 Ilmu Forensik"
"163542","72","S2 Ilmu Forensik"
"192253","14","S1 Ilmu Informasi dan Perpustakaan"
"192253","14","S1 Ilmu Informasi dan Perpustakaan"
"167492","30","S1 Ilmu Sejarah"
"167492","30","S1 Ilmu Sejarah"
"167492","30","S1 Ilmu Sejarah"
"226961","142","D3 AKUNTANSI"
"226961","142","D3 AKUNTANSI"
"171312","14","S1 Ilmu Informasi dan Perpustakaan"
"170943","670","S1 ILMU POLITIK"
"233947","18","S1 Statistika"
"213324","16","S1 Antropologi"
"167634","4","S1 Ilmu Hukum"
"167634","4","S1 Ilmu Hukum"
"167634","4","S1 Ilmu Hukum"
"167634","4","S1 Ilmu Hukum"
"230447","6","S1 Akuntansi"
"230447","6","S1 Akuntansi"
"211107","6","S1 Akuntansi"
"211107","6","S1 Akuntansi"
"213879","24","S1 Kimia"
"192458","23","S1 Matematika"
"192458","23","S1 Matematika"
"167404","666","S1 BAHASA DAN SASTRA INGGRIS"
"188925","676","S1 STUDI KEJEPANGAN"
"166148","672","S1 KEDOKTERAN"
"206922","43","S2 Kenotariatan"
"186666","28","S1 Psikologi"
"168020","675","S1 KEPERAWATAN"
"168037","675","S1 KEPERAWATAN"
"211146","6","S1 Akuntansi"
"211201","6","S1 Akuntansi"
"167470","30","S1 Ilmu Sejarah"
"167470","30","S1 Ilmu Sejarah"
"211467","667","S1 EKONOMI ISLAM"
"216082","148","D4 FISIOTERAPI"
"216082","148","D4 FISIOTERAPI"
"236109","749","D4 MANAJEMEN PERHOTELAN"
"187489","28","S1 Psikologi"
"236515","748","D4 KESELAMATAN DAN KESEHATAN KERJA"
"236516","748","D4 KESELAMATAN DAN KESEHATAN KERJA"
"234630","755","S1 AKUAKULTUR (SIKIA.BANYUWANGI)"
"234630","755","S1 AKUAKULTUR (SIKIA.BANYUWANGI)"
"167704","4","S1 Ilmu Hukum"
"167704","4","S1 Ilmu Hukum"
"167704","4","S1 Ilmu Hukum"
"167704","4","S1 Ilmu Hukum"
"167484","30","S1 Ilmu Sejarah"
"167484","30","S1 Ilmu Sejarah"
"167423","30","S1 Ilmu Sejarah"
"190003","667","S1 EKONOMI ISLAM"
"167142","665","S1 BAHASA DAN SASTRA INDONESIA"
"167087","665","S1 BAHASA DAN SASTRA INDONESIA"
"167650","4","S1 Ilmu Hukum"
"167142","665","S1 BAHASA DAN SASTRA INDONESIA"
"211361","667","S1 EKONOMI ISLAM"
"187593","665","S1 BAHASA DAN SASTRA INDONESIA"
"167704","4","S1 Ilmu Hukum"
"167704","4","S1 Ilmu Hukum"
"167704","4","S1 Ilmu Hukum"
"167426","30","S1 Ilmu Sejarah"
"215906","689","S3 ILMU AKUNTANSI"
"215906","689","S3 ILMU AKUNTANSI"
"215920","689","S3 ILMU AKUNTANSI"
"235954","752","D4 TEKNOLOGI LABORATORIUM MEDIK"
"235954","752","D4 TEKNOLOGI LABORATORIUM MEDIK"
"187561","665","S1 BAHASA DAN SASTRA INDONESIA"
"204657","43","S2 Kenotariatan"
"204657","43","S2 Kenotariatan"
"204657","43","S2 Kenotariatan"
"204657","43","S2 Kenotariatan"
"232734","11","S1 Ilmu Hubungan Internasional"
"144743","22","S1 Biologi"
"144743","22","S1 Biologi"
"167857","4","S1 Ilmu Hukum"
"191012","739","S1 TEKNIK INDUSTRI"
"231438","668","S1 FARMASI"
"230520","6","S1 Akuntansi"
"191480","16","S1 Antropologi"
"190411","668","S1 FARMASI"
"170590","17","S1 Sosiologi"
"186719","28","S1 Psikologi"
"186719","28","S1 Psikologi"
"193110","26","S1 Kesehatan Masyarakat"
"193110","26","S1 Kesehatan Masyarakat"
"171668","22","S1 Biologi"
"230266","7","S1 Manajemen"
"230266","7","S1 Manajemen"
"230266","7","S1 Manajemen"
"193025","26","S1 Kesehatan Masyarakat"
"171399","14","S1 Ilmu Informasi dan Perpustakaan"
"171399","14","S1 Ilmu Informasi dan Perpustakaan"
"230570","6","S1 Akuntansi"
"186331","142","D3 AKUNTANSI"
"244100","43","S2 Kenotariatan"
"236159","749","D4 MANAJEMEN PERHOTELAN"
"209857","779","S1 Bahasa dan Sastra Jepang"
"234273","669","S1 GIZI"
"211866","668","S1 FARMASI"
"226827","576","D3-BAHASA INGGRIS"
"168088","675","S1 KEPERAWATAN"
"187605","665","S1 BAHASA DAN SASTRA INDONESIA"
"192171","14","S1 Ilmu Informasi dan Perpustakaan"
"172225","26","S1 Kesehatan Masyarakat"
"172225","26","S1 Kesehatan Masyarakat"
"172225","26","S1 Kesehatan Masyarakat"
"154618","16","S1 Antropologi"
"168024","675","S1 KEPERAWATAN"
"167457","30","S1 Ilmu Sejarah"
"167457","30","S1 Ilmu Sejarah"
"167800","4","S1 Ilmu Hukum"
"167800","4","S1 Ilmu Hukum"
"167800","4","S1 Ilmu Hukum"
"167800","4","S1 Ilmu Hukum"
"212650","739","S1 TEKNIK INDUSTRI"
"167453","30","S1 Ilmu Sejarah"
"167453","30","S1 Ilmu Sejarah"
"196676","750","D4 MANAJEMEN PERKANTORAN DIGITAL"
"196693","750","D4 MANAJEMEN PERKANTORAN DIGITAL"
"228109","28","S1 Psikologi"
"228109","28","S1 Psikologi"
"212832","17","S1 Sosiologi"
"212832","17","S1 Sosiologi"
"212832","17","S1 Sosiologi"
"230020","5","S1 Ekonomi Pembangunan"
"230020","5","S1 Ekonomi Pembangunan"
"230020","5","S1 Ekonomi Pembangunan"
"167424","30","S1 Ilmu Sejarah"
"167424","30","S1 Ilmu Sejarah"
"167453","30","S1 Ilmu Sejarah"
"134217","670","S1 ILMU POLITIK"
"134217","670","S1 ILMU POLITIK"
"134217","670","S1 ILMU POLITIK"
"167424","30","S1 Ilmu Sejarah"
"134217","670","S1 ILMU POLITIK"
"134217","670","S1 ILMU POLITIK"
"134217","670","S1 ILMU POLITIK"
"165027","72","S2 Ilmu Forensik"
"165027","72","S2 Ilmu Forensik"
"165027","72","S2 Ilmu Forensik"
"165027","72","S2 Ilmu Forensik"
"171014","670","S1 ILMU POLITIK"
"207357","753","D4 TEKNOLOGI REKAYASA INSTRUMENTASI DAN KONTROL"
"167645","4","S1 Ilmu Hukum"
"170589","17","S1 Sosiologi"
"170589","17","S1 Sosiologi"
"170589","17","S1 Sosiologi"
"233507","24","S1 Kimia"
"233511","24","S1 Kimia"
"170590","17","S1 Sosiologi"
"207734","30","S1 Ilmu Sejarah"
"229375","4","S1 Ilmu Hukum"
"229375","4","S1 Ilmu Hukum"
"229394","4","S1 Ilmu Hukum"
"229394","4","S1 Ilmu Hukum"
"229394","4","S1 Ilmu Hukum"
"229394","4","S1 Ilmu Hukum"
"213265","670","S1 ILMU POLITIK"
"229069","30","S1 Ilmu Sejarah"
"171417","23","S1 Matematika"
"185687","676","S1 STUDI KEJEPANGAN"
"185687","676","S1 STUDI KEJEPANGAN"
"213561","14","S1 Ilmu Informasi dan Perpustakaan"
"196618","750","D4 MANAJEMEN PERKANTORAN DIGITAL"
"236617","748","D4 KESELAMATAN DAN KESEHATAN KERJA"
"187836","666","S1 BAHASA DAN SASTRA INGGRIS"
"215718","64","S2 Administrasi Dan Kebijakan Kesehatan"
"215718","64","S2 Administrasi Dan Kebijakan Kesehatan"
"226846","16","S1 Antropologi"
"188936","676","S1 STUDI KEJEPANGAN"
"231209","668","S1 FARMASI"
"231209","668","S1 FARMASI"
"232688","11","S1 Ilmu Hubungan Internasional"
"185842","30","S1 Ilmu Sejarah"
"232664","11","S1 Ilmu Hubungan Internasional"
"232664","11","S1 Ilmu Hubungan Internasional"
"209580","666","S1 BAHASA DAN SASTRA INGGRIS"
"209492","665","S1 BAHASA DAN SASTRA INDONESIA"
"209480","665","S1 BAHASA DAN SASTRA INDONESIA"
"231566","674","S1 KEDOKTERAN HEWAN"
"167804","4","S1 Ilmu Hukum"
"167804","4","S1 Ilmu Hukum"
"192253","14","S1 Ilmu Informasi dan Perpustakaan"
"226872","540","S1-KEPERAWATAN"
"210236","675","S1 KEPERAWATAN"
"210236","675","S1 KEPERAWATAN"
"210236","675","S1 KEPERAWATAN"
"185837","665","S1 BAHASA DAN SASTRA INDONESIA"
"187646","665","S1 BAHASA DAN SASTRA INDONESIA"
"210014","4","S1 Ilmu Hukum"
"233949","18","S1 Statistika"
"232453","17","S1 Sosiologi"
"156728","665","S1 BAHASA DAN SASTRA INDONESIA"
"156728","665","S1 BAHASA DAN SASTRA INDONESIA"
"187593","665","S1 BAHASA DAN SASTRA INDONESIA"
"187593","665","S1 BAHASA DAN SASTRA INDONESIA"
"187593","665","S1 BAHASA DAN SASTRA INDONESIA"
"190079","667","S1 EKONOMI ISLAM"
"190022","667","S1 EKONOMI ISLAM"
"213594","14","S1 Ilmu Informasi dan Perpustakaan"
"185669","14","S1 Ilmu Informasi dan Perpustakaan"
"216598","747","D4 DESTINASI PARIWISATA"
"166621","28","S1 Psikologi"
"166621","28","S1 Psikologi"
"171405","14","S1 Ilmu Informasi dan Perpustakaan"
"171405","14","S1 Ilmu Informasi dan Perpustakaan"
"243950","615","S2-SOSIOLOGI"
"226446","734","S1 AKUNTANSI (K.BANYUWANGI)"
"226446","734","S1 AKUNTANSI (K.BANYUWANGI)"
"226446","734","S1 AKUNTANSI (K.BANYUWANGI)"
"226446","734","S1 AKUNTANSI (K.BANYUWANGI)"
"226446","734","S1 AKUNTANSI (K.BANYUWANGI)"
"226967","142","D3 AKUNTANSI"
"209910","4","S1 Ilmu Hukum"
"209910","4","S1 Ilmu Hukum"
"171139","16","S1 Antropologi"
"171139","16","S1 Antropologi"
"232544","744","S1 ADMINISTRASI PUBLIK"
"232544","744","S1 ADMINISTRASI PUBLIK"
"231150","679","S1 TEKNOLOGI HASIL PERIKANAN"
"231150","679","S1 TEKNOLOGI HASIL PERIKANAN"
"229952","5","S1 Ekonomi Pembangunan"
"229952","5","S1 Ekonomi Pembangunan"
"233197","14","S1 Ilmu Informasi dan Perpustakaan"
"236890","778","D4 TEKNIK INFORMATIKA"
"236224","747","D4 DESTINASI PARIWISATA"
"236224","747","D4 DESTINASI PARIWISATA"
"232837","670","S1 ILMU POLITIK"
"236890","778","D4 TEKNIK INFORMATIKA"
"232837","670","S1 ILMU POLITIK"
"167163","665","S1 BAHASA DAN SASTRA INDONESIA"
"232418","17","S1 Sosiologi"
"227056","142","D3 AKUNTANSI"
"186256","142","D3 AKUNTANSI"
"171124","16","S1 Antropologi"
"171124","16","S1 Antropologi"
"171124","16","S1 Antropologi"
"185742","676","S1 STUDI KEJEPANGAN"
"167777","4","S1 Ilmu Hukum"
"167777","4","S1 Ilmu Hukum"
"167777","4","S1 Ilmu Hukum"
"167777","4","S1 Ilmu Hukum"
"167777","4","S1 Ilmu Hukum"
"167777","4","S1 Ilmu Hukum"
"230290","7","S1 Manajemen"
"227944","671","S1 KEBIDANAN"
"226463","786","D4 KEARSIPAN DAN INFORMASI DIGITAL"
"207803","687","S2 PSIKOLOGI TERAPAN"
"207803","687","S2 PSIKOLOGI TERAPAN"
"232755","11","S1 Ilmu Hubungan Internasional"
"167156","665","S1 BAHASA DAN SASTRA INDONESIA"
"167156","665","S1 BAHASA DAN SASTRA INDONESIA"
"167156","665","S1 BAHASA DAN SASTRA INDONESIA"
"151456","4","S1 Ilmu Hukum"
"151456","4","S1 Ilmu Hukum"
"151456","4","S1 Ilmu Hukum"
"151456","4","S1 Ilmu Hukum"
"191698","670","S1 ILMU POLITIK"
"191698","670","S1 ILMU POLITIK"
"232415","17","S1 Sosiologi"
"165133","16","S1 Antropologi"
"233270","23","S1 Matematika"
"168307","5","S1 Ekonomi Pembangunan"
"168307","5","S1 Ekonomi Pembangunan"
"236346","751","D4 PERBANKAN DAN KEUANGAN"
"236346","751","D4 PERBANKAN DAN KEUANGAN"
"243939","743","Profesi PENDIDIKAN PROFESI NERS"
"243939","743","Profesi PENDIDIKAN PROFESI NERS"
"226951","142","D3 AKUNTANSI"
"207679","17","S1 Sosiologi"
"207679","17","S1 Sosiologi"
"211314","667","S1 EKONOMI ISLAM"
"194068","685","S2 PSIKOLOGI"
"235135","74","S2 Sains Ekonomi Islam"
"235135","74","S2 Sains Ekonomi Islam"
"235135","74","S2 Sains Ekonomi Islam"
"235135","74","S2 Sains Ekonomi Islam"
"235135","74","S2 Sains Ekonomi Islam"
"235135","74","S2 Sains Ekonomi Islam"
"146575","30","S1 Ilmu Sejarah"
"190759","674","S1 KEDOKTERAN HEWAN"
"190759","674","S1 KEDOKTERAN HEWAN"
"192172","14","S1 Ilmu Informasi dan Perpustakaan"
"224371","734","S1 AKUNTANSI (K.BANYUWANGI)"
"224371","734","S1 AKUNTANSI (K.BANYUWANGI)"
"192243","14","S1 Ilmu Informasi dan Perpustakaan"
"215779","82","S3 Ilmu Kedokteran"
"215779","82","S3 Ilmu Kedokteran"
"185869","87","S3 Ilmu Farmasi"
"207319","30","S1 Ilmu Sejarah"
"207319","30","S1 Ilmu Sejarah"
"151456","4","S1 Ilmu Hukum"
"151456","4","S1 Ilmu Hukum"
"185742","676","S1 STUDI KEJEPANGAN"
"169095","667","S1 EKONOMI ISLAM"
"190183","667","S1 EKONOMI ISLAM"
"224338","782","S2 SAINS INFORMASI DAN PERPUSTAKAAN"
"190055","667","S1 EKONOMI ISLAM"
"167455","30","S1 Ilmu Sejarah"
"167455","30","S1 Ilmu Sejarah"
"167146","665","S1 BAHASA DAN SASTRA INDONESIA"
"167146","665","S1 BAHASA DAN SASTRA INDONESIA"
"154991","23","S1 Matematika"
"236847","778","D4 TEKNIK INFORMATIKA"
"167635","4","S1 Ilmu Hukum"
"167635","4","S1 Ilmu Hukum"
"167635","4","S1 Ilmu Hukum"
"167142","665","S1 BAHASA DAN SASTRA INDONESIA"
"188297","4","S1 Ilmu Hukum"
"244114","49","S2 Farmasi Klinik"
"167698","4","S1 Ilmu Hukum"
"212912","17","S1 Sosiologi"
"212912","17","S1 Sosiologi"
"227006","142","D3 AKUNTANSI"
"214807","780","Profesi PENDIDIKAN PROFESI DOKTER HEWAN (FIKKIA.BANYUWANGI)"
"214807","780","Profesi PENDIDIKAN PROFESI DOKTER HEWAN (FIKKIA.BANYUWANGI)"
"167804","4","S1 Ilmu Hukum"
"167804","4","S1 Ilmu Hukum"
"167804","4","S1 Ilmu Hukum"
"167804","4","S1 Ilmu Hukum"
"187510","30","S1 Ilmu Sejarah"
"165133","16","S1 Antropologi"
"187581","665","S1 BAHASA DAN SASTRA INDONESIA"
"212825","17","S1 Sosiologi"
"190756","674","S1 KEDOKTERAN HEWAN"
"234757","685","S2 PSIKOLOGI"
"209803","30","S1 Ilmu Sejarah"
"167645","4","S1 Ilmu Hukum"
"167645","4","S1 Ilmu Hukum"
"167645","4","S1 Ilmu Hukum"
"211418","667","S1 EKONOMI ISLAM"
"170950","670","S1 ILMU POLITIK"
"170950","670","S1 ILMU POLITIK"
"236379","751","D4 PERBANKAN DAN KEUANGAN"
"211426","667","S1 EKONOMI ISLAM"
"211331","667","S1 EKONOMI ISLAM"
"207624","687","S2 PSIKOLOGI TERAPAN"
"234757","685","S2 PSIKOLOGI"
"211915","668","S1 FARMASI"
"228279","28","S1 Psikologi"
"228166","28","S1 Psikologi"
"167995","675","S1 KEPERAWATAN"
"210014","4","S1 Ilmu Hukum"
"210014","4","S1 Ilmu Hukum"
"187556","665","S1 BAHASA DAN SASTRA INDONESIA"
"207679","17","S1 Sosiologi"
"213068","11","S1 Ilmu Hubungan Internasional"
"207798","11","S1 Ilmu Hubungan Internasional"
"171302","14","S1 Ilmu Informasi dan Perpustakaan"
"171303","14","S1 Ilmu Informasi dan Perpustakaan"
"170985","670","S1 ILMU POLITIK"
"208234","131","D3 Perpajakan"
"208234","131","D3 Perpajakan"
"208234","131","D3 Perpajakan"
"187651","665","S1 BAHASA DAN SASTRA INDONESIA"
"187651","665","S1 BAHASA DAN SASTRA INDONESIA"
"216560","747","D4 DESTINASI PARIWISATA"
"216560","747","D4 DESTINASI PARIWISATA"
"216560","747","D4 DESTINASI PARIWISATA"
"214807","780","Profesi PENDIDIKAN PROFESI DOKTER HEWAN (FIKKIA.BANYUWANGI)"
"168718","7","S1 Manajemen"
"167629","4","S1 Ilmu Hukum"
"167629","4","S1 Ilmu Hukum"
"169156","667","S1 EKONOMI ISLAM"
"169156","667","S1 EKONOMI ISLAM"
"226827","576","D3-BAHASA INGGRIS"
"204657","43","S2 Kenotariatan"
"204657","43","S2 Kenotariatan"
"204657","43","S2 Kenotariatan"
"209485","665","S1 BAHASA DAN SASTRA INDONESIA"
"208234","131","D3 Perpajakan"
"167129","665","S1 BAHASA DAN SASTRA INDONESIA"
"167682","4","S1 Ilmu Hukum"
"167682","4","S1 Ilmu Hukum"
"232913","16","S1 Antropologi"
"167484","30","S1 Ilmu Sejarah"
"225589","43","S2 Kenotariatan"
"213854","22","S1 Biologi"
"171300","14","S1 Ilmu Informasi dan Perpustakaan"
"171173","12","S1 Ilmu Komunikasi"
"171173","12","S1 Ilmu Komunikasi"
"171173","12","S1 Ilmu Komunikasi"
"171173","12","S1 Ilmu Komunikasi"
"171173","12","S1 Ilmu Komunikasi"
"206922","43","S2 Kenotariatan"
"233038","12","S1 Ilmu Komunikasi"
"230461","6","S1 Akuntansi"
"230461","6","S1 Akuntansi"
"167085","665","S1 BAHASA DAN SASTRA INDONESIA"
"167085","665","S1 BAHASA DAN SASTRA INDONESIA"
"167085","665","S1 BAHASA DAN SASTRA INDONESIA"
"233635","677","S1 TEKNIK BIOMEDIS"
"233635","677","S1 TEKNIK BIOMEDIS"
"233635","677","S1 TEKNIK BIOMEDIS"
"211467","667","S1 EKONOMI ISLAM"
"194068","685","S2 PSIKOLOGI"
"229917","5","S1 Ekonomi Pembangunan"
"229917","5","S1 Ekonomi Pembangunan"
"210236","675","S1 KEPERAWATAN"
"210236","675","S1 KEPERAWATAN"
"210318","675","S1 KEPERAWATAN"
"210236","675","S1 KEPERAWATAN"
"209462","665","S1 BAHASA DAN SASTRA INDONESIA"
"209456","665","S1 BAHASA DAN SASTRA INDONESIA"
"209456","665","S1 BAHASA DAN SASTRA INDONESIA"
"209456","665","S1 BAHASA DAN SASTRA INDONESIA"
"210014","4","S1 Ilmu Hukum"
"210014","4","S1 Ilmu Hukum"
"228895","666","S1 BAHASA DAN SASTRA INGGRIS"
"228895","666","S1 BAHASA DAN SASTRA INGGRIS"
"228895","666","S1 BAHASA DAN SASTRA INGGRIS"
"228895","666","S1 BAHASA DAN SASTRA INGGRIS"
"228895","666","S1 BAHASA DAN SASTRA INGGRIS"
"210014","4","S1 Ilmu Hukum"
"231595","674","S1 KEDOKTERAN HEWAN"
"227006","142","D3 AKUNTANSI"
"236076","749","D4 MANAJEMEN PERHOTELAN"
"236076","749","D4 MANAJEMEN PERHOTELAN"
"209833","779","S1 Bahasa dan Sastra Jepang"
"207623","687","S2 PSIKOLOGI TERAPAN"
"233514","24","S1 Kimia"
"185837","665","S1 BAHASA DAN SASTRA INDONESIA"
"167127","665","S1 BAHASA DAN SASTRA INDONESIA"
"167127","665","S1 BAHASA DAN SASTRA INDONESIA"
"207595","665","S1 BAHASA DAN SASTRA INDONESIA"
"167102","665","S1 BAHASA DAN SASTRA INDONESIA"
"167164","665","S1 BAHASA DAN SASTRA INDONESIA"
"167978","675","S1 KEPERAWATAN"
"213245","670","S1 ILMU POLITIK"
"207593","687","S2 PSIKOLOGI TERAPAN"
"207593","687","S2 PSIKOLOGI TERAPAN"
"207593","687","S2 PSIKOLOGI TERAPAN"
"207593","687","S2 PSIKOLOGI TERAPAN"
"207593","687","S2 PSIKOLOGI TERAPAN"
"207593","687","S2 PSIKOLOGI TERAPAN"
"209458","665","S1 BAHASA DAN SASTRA INDONESIA"
"167678","4","S1 Ilmu Hukum"
"167678","4","S1 Ilmu Hukum"
"167678","4","S1 Ilmu Hukum"
"167678","4","S1 Ilmu Hukum"
"167678","4","S1 Ilmu Hukum"
"167678","4","S1 Ilmu Hukum"
"88896","162","Lain-lain"
"88896","162","Lain-lain"
"88896","162","Lain-lain"
"88896","162","Lain-lain"
"228756","665","S1 BAHASA DAN SASTRA INDONESIA"
"210312","675","S1 KEPERAWATAN"
"210259","675","S1 KEPERAWATAN"
"228909","666","S1 BAHASA DAN SASTRA INGGRIS"
"195755","753","D4 TEKNOLOGI REKAYASA INSTRUMENTASI DAN KONTROL"
"195755","753","D4 TEKNOLOGI REKAYASA INSTRUMENTASI DAN KONTROL"
"191581","17","S1 Sosiologi"
"228185","28","S1 Psikologi"
"228185","28","S1 Psikologi"
"188348","4","S1 Ilmu Hukum"
"165092","18","S1 Statistika"
"230122","5","S1 Ekonomi Pembangunan"
"233376","19","S1 Fisika"
"171333","14","S1 Ilmu Informasi dan Perpustakaan"
"171333","14","S1 Ilmu Informasi dan Perpustakaan"
"171333","14","S1 Ilmu Informasi dan Perpustakaan"
"171333","14","S1 Ilmu Informasi dan Perpustakaan"
"154653","16","S1 Antropologi"
"154653","16","S1 Antropologi"
"232391","17","S1 Sosiologi"
"226430","16","S1 Antropologi"
"228089","28","S1 Psikologi"
"189457","7","S1 Manajemen"
"167608","4","S1 Ilmu Hukum"
"207732","30","S1 Ilmu Sejarah"
"187632","665","S1 BAHASA DAN SASTRA INDONESIA"
"209531","665","S1 BAHASA DAN SASTRA INDONESIA"
"202683","665","S1 BAHASA DAN SASTRA INDONESIA"
"209534","665","S1 BAHASA DAN SASTRA INDONESIA"
"225589","43","S2 Kenotariatan"
"170985","670","S1 ILMU POLITIK"
"167515","676","S1 STUDI KEJEPANGAN"
"167515","676","S1 STUDI KEJEPANGAN"
"167515","676","S1 STUDI KEJEPANGAN"
"167515","676","S1 STUDI KEJEPANGAN"
"167515","676","S1 STUDI KEJEPANGAN"
"226961","142","D3 AKUNTANSI"
"226961","142","D3 AKUNTANSI"
"190064","667","S1 EKONOMI ISLAM"
"208171","130","D3 Manajemen Pemasaran"
"234275","669","S1 GIZI"
"207869","142","D3 AKUNTANSI"
"169230","667","S1 EKONOMI ISLAM"
"169230","667","S1 EKONOMI ISLAM"
"167151","665","S1 BAHASA DAN SASTRA INDONESIA"
"167151","665","S1 BAHASA DAN SASTRA INDONESIA"
"167162","665","S1 BAHASA DAN SASTRA INDONESIA"
"190084","667","S1 EKONOMI ISLAM"
"216560","747","D4 DESTINASI PARIWISATA"
"216554","747","D4 DESTINASI PARIWISATA"
"167483","30","S1 Ilmu Sejarah"
"209530","665","S1 BAHASA DAN SASTRA INDONESIA"
"187637","665","S1 BAHASA DAN SASTRA INDONESIA"
"167775","4","S1 Ilmu Hukum"
"167775","4","S1 Ilmu Hukum"
"211467","667","S1 EKONOMI ISLAM"
"207411","532","S1-KEDOKTERAN"
"207411","532","S1-KEDOKTERAN"
"207411","532","S1-KEDOKTERAN"
"207411","532","S1-KEDOKTERAN"
"207411","532","S1-KEDOKTERAN"
"207411","532","S1-KEDOKTERAN"
"232965","16","S1 Antropologi"
"232965","16","S1 Antropologi"
"232965","16","S1 Antropologi"
"232913","16","S1 Antropologi"
"213878","24","S1 Kimia"
"211095","6","S1 Akuntansi"
"232380","17","S1 Sosiologi"
"232380","17","S1 Sosiologi"
"190376","668","S1 FARMASI"
"167405","666","S1 BAHASA DAN SASTRA INGGRIS"
"171249","12","S1 Ilmu Komunikasi"
"236959","778","D4 TEKNIK INFORMATIKA"
"236959","778","D4 TEKNIK INFORMATIKA"
"230421","7","S1 Manajemen"
"185779","4","S1 Ilmu Hukum"
"185779","4","S1 Ilmu Hukum"
"185779","4","S1 Ilmu Hukum"
"185779","4","S1 Ilmu Hukum"
"185779","4","S1 Ilmu Hukum"
"185779","4","S1 Ilmu Hukum"
"185779","4","S1 Ilmu Hukum"
"226571","11","S1 Ilmu Hubungan Internasional"
"226432","5","S1 Ekonomi Pembangunan"
"226432","5","S1 Ekonomi Pembangunan"
"185711","4","S1 Ilmu Hukum"
"243553","614","S2-HUBUNGAN INTERNASIONAL"
"207838","142","D3 AKUNTANSI"
"207838","142","D3 AKUNTANSI"
"167089","665","S1 BAHASA DAN SASTRA INDONESIA"
"167089","665","S1 BAHASA DAN SASTRA INDONESIA"
"167089","665","S1 BAHASA DAN SASTRA INDONESIA"
"167089","665","S1 BAHASA DAN SASTRA INDONESIA"
"167089","665","S1 BAHASA DAN SASTRA INDONESIA"
"191768","670","S1 ILMU POLITIK"
"236051","752","D4 TEKNOLOGI LABORATORIUM MEDIK"
"236051","752","D4 TEKNOLOGI LABORATORIUM MEDIK"
"166621","28","S1 Psikologi"
"213323","16","S1 Antropologi"
"213323","16","S1 Antropologi"
"213328","16","S1 Antropologi"
"170557","17","S1 Sosiologi"
"167405","666","S1 BAHASA DAN SASTRA INGGRIS"
"167377","666","S1 BAHASA DAN SASTRA INGGRIS"
"167377","666","S1 BAHASA DAN SASTRA INGGRIS"
"167377","666","S1 BAHASA DAN SASTRA INGGRIS"
"209776","30","S1 Ilmu Sejarah"
"154563","14","S1 Ilmu Informasi dan Perpustakaan"
"185577","17","S1 Sosiologi"
"191748","670","S1 ILMU POLITIK"
"191748","670","S1 ILMU POLITIK"
"207682","14","S1 Ilmu Informasi dan Perpustakaan"
"207682","14","S1 Ilmu Informasi dan Perpustakaan"
"207682","14","S1 Ilmu Informasi dan Perpustakaan"
"207682","14","S1 Ilmu Informasi dan Perpustakaan"
"193285","669","S1 GIZI"
"229067","30","S1 Ilmu Sejarah"
"229067","30","S1 Ilmu Sejarah"
"229099","30","S1 Ilmu Sejarah"
"188935","676","S1 STUDI KEJEPANGAN"
"204447","72","S2 Ilmu Forensik"
"204447","72","S2 Ilmu Forensik"
"204447","72","S2 Ilmu Forensik"
"204447","72","S2 Ilmu Forensik"
"236220","747","D4 DESTINASI PARIWISATA"
"207411","532","S1-KEDOKTERAN"
"207411","532","S1-KEDOKTERAN"
"187522","30","S1 Ilmu Sejarah"
"209791","30","S1 Ilmu Sejarah"
"192251","14","S1 Ilmu Informasi dan Perpustakaan"
"209820","30","S1 Ilmu Sejarah"
"146160","665","S1 BAHASA DAN SASTRA INDONESIA"
"167804","4","S1 Ilmu Hukum"
"167804","4","S1 Ilmu Hukum"
"232425","17","S1 Sosiologi"
"207855","142","D3 AKUNTANSI"
"214773","756","S1 KEDOKTERAN HEWAN (SIKIA.BANYUWANGI)"
"207843","142","D3 AKUNTANSI"
"233514","24","S1 Kimia"
"233514","24","S1 Kimia"
"233514","24","S1 Kimia"
"166642","28","S1 Psikologi"
"236865","778","D4 TEKNIK INFORMATIKA"
"226697","743","Profesi PENDIDIKAN PROFESI NERS"
"226697","743","Profesi PENDIDIKAN PROFESI NERS"
"196665","750","D4 MANAJEMEN PERKANTORAN DIGITAL"
"225589","43","S2 Kenotariatan"
"206940","43","S2 Kenotariatan"
"206940","43","S2 Kenotariatan"
"206940","43","S2 Kenotariatan"
"168069","675","S1 KEPERAWATAN"
"134357","17","S1 Sosiologi"
"134357","17","S1 Sosiologi"
"165133","16","S1 Antropologi"
"167797","4","S1 Ilmu Hukum"
"167797","4","S1 Ilmu Hukum"
"167797","4","S1 Ilmu Hukum"
"167797","4","S1 Ilmu Hukum"
"204657","43","S2 Kenotariatan"
"204657","43","S2 Kenotariatan"
"229307","4","S1 Ilmu Hukum"
"212337","737","S1 REKAYASA NANOTEKNOLOGI"
"212337","737","S1 REKAYASA NANOTEKNOLOGI"
"212337","737","S1 REKAYASA NANOTEKNOLOGI"
"212337","737","S1 REKAYASA NANOTEKNOLOGI"
"209480","665","S1 BAHASA DAN SASTRA INDONESIA"
"190223","668","S1 FARMASI"
"210014","4","S1 Ilmu Hukum"
"172691","755","S1 AKUAKULTUR (SIKIA.BANYUWANGI)"
"207838","142","D3 AKUNTANSI"
"207838","142","D3 AKUNTANSI"
"207838","142","D3 AKUNTANSI"
"209454","665","S1 BAHASA DAN SASTRA INDONESIA"
"209554","666","S1 BAHASA DAN SASTRA INGGRIS"
"167129","665","S1 BAHASA DAN SASTRA INDONESIA"
"156762","665","S1 BAHASA DAN SASTRA INDONESIA"
"167777","4","S1 Ilmu Hukum"
"202584","676","S1 STUDI KEJEPANGAN"
"167155","665","S1 BAHASA DAN SASTRA INDONESIA"
"167155","665","S1 BAHASA DAN SASTRA INDONESIA"
"167155","665","S1 BAHASA DAN SASTRA INDONESIA"
"167155","665","S1 BAHASA DAN SASTRA INDONESIA"
"187606","665","S1 BAHASA DAN SASTRA INDONESIA"
"213089","11","S1 Ilmu Hubungan Internasional"
"208882","28","S1 Psikologi"
"167092","665","S1 BAHASA DAN SASTRA INDONESIA"
"167092","665","S1 BAHASA DAN SASTRA INDONESIA"
"167092","665","S1 BAHASA DAN SASTRA INDONESIA"
"187581","665","S1 BAHASA DAN SASTRA INDONESIA"
"215856","83","S3 Ilmu Hukum"
"215856","83","S3 Ilmu Hukum"
"215856","83","S3 Ilmu Hukum"
"215856","83","S3 Ilmu Hukum"
"215856","83","S3 Ilmu Hukum"
"167444","30","S1 Ilmu Sejarah"
"188951","676","S1 STUDI KEJEPANGAN"
"233959","18","S1 Statistika"
"208973","28","S1 Psikologi"
"227006","142","D3 AKUNTANSI"
"227006","142","D3 AKUNTANSI"
"166686","28","S1 Psikologi"
"166686","28","S1 Psikologi"
"190066","667","S1 EKONOMI ISLAM"
"190066","667","S1 EKONOMI ISLAM"
"190149","667","S1 EKONOMI ISLAM"
"190063","667","S1 EKONOMI ISLAM"
"207357","753","D4 TEKNOLOGI REKAYASA INSTRUMENTASI DAN KONTROL"
"230461","6","S1 Akuntansi"
"187509","30","S1 Ilmu Sejarah"
"187509","30","S1 Ilmu Sejarah"
"187509","30","S1 Ilmu Sejarah"
"171249","12","S1 Ilmu Komunikasi"
"192050","12","S1 Ilmu Komunikasi"
"191187","741","S1 TEKNOLOGI SAINS DATA"
"226562","7","S1 Manajemen"
"192417","22","S1 Biologi"
"202512","778","D4 TEKNIK INFORMATIKA"
"217063","750","D4 MANAJEMEN PERKANTORAN DIGITAL"
"217063","750","D4 MANAJEMEN PERKANTORAN DIGITAL"
"165092","18","S1 Statistika"
"210524","5","S1 Ekonomi Pembangunan"
"196790","769","Spesialis KEDOKTERAN FORENSIK DAN STUDI MEDIKOLEGA"
"196790","769","Spesialis KEDOKTERAN FORENSIK DAN STUDI MEDIKOLEGA"
"196790","769","Spesialis KEDOKTERAN FORENSIK DAN STUDI MEDIKOLEGA"
"196790","769","Spesialis KEDOKTERAN FORENSIK DAN STUDI MEDIKOLEGA"
"196790","769","Spesialis KEDOKTERAN FORENSIK DAN STUDI MEDIKOLEGA"
"235888","661","D4 TEKNOLOGI RADIOLOGI PENCITRAAN"
"192208","14","S1 Ilmu Informasi dan Perpustakaan"
"192208","14","S1 Ilmu Informasi dan Perpustakaan"
"185742","676","S1 STUDI KEJEPANGAN"
"167748","4","S1 Ilmu Hukum"
"167748","4","S1 Ilmu Hukum"
"167748","4","S1 Ilmu Hukum"
"167748","4","S1 Ilmu Hukum"
"167748","4","S1 Ilmu Hukum"
"188990","676","S1 STUDI KEJEPANGAN"
"167470","30","S1 Ilmu Sejarah"
"167429","30","S1 Ilmu Sejarah"
"167429","30","S1 Ilmu Sejarah"
"167084","665","S1 BAHASA DAN SASTRA INDONESIA"
"167084","665","S1 BAHASA DAN SASTRA INDONESIA"
"209459","665","S1 BAHASA DAN SASTRA INDONESIA"
"167404","666","S1 BAHASA DAN SASTRA INGGRIS"
"158233","661","D4 TEKNOLOGI RADIOLOGI PENCITRAAN"
"230432","6","S1 Akuntansi"
"230432","6","S1 Akuntansi"
"231151","679","S1 TEKNOLOGI HASIL PERIKANAN"
"232923","16","S1 Antropologi"
"226633","504","S1-PSIKOLOGI"
"188966","676","S1 STUDI KEJEPANGAN"
"192256","14","S1 Ilmu Informasi dan Perpustakaan"
"216602","747","D4 DESTINASI PARIWISATA"
"236109","749","D4 MANAJEMEN PERHOTELAN"
"167160","665","S1 BAHASA DAN SASTRA INDONESIA"
"167160","665","S1 BAHASA DAN SASTRA INDONESIA"
"167911","4","S1 Ilmu Hukum"
"168124","675","S1 KEPERAWATAN"
"226829","500","S1-ILMU HUKUM"
"169800","668","S1 FARMASI"
"226795","504","S1-PSIKOLOGI"
"226795","504","S1-PSIKOLOGI"
"226543","30","S1 Ilmu Sejarah"
"226543","30","S1 Ilmu Sejarah"
"226543","30","S1 Ilmu Sejarah"
"226543","30","S1 Ilmu Sejarah"
"226543","30","S1 Ilmu Sejarah"
"229074","30","S1 Ilmu Sejarah"
"229074","30","S1 Ilmu Sejarah"
"229074","30","S1 Ilmu Sejarah"
"229074","30","S1 Ilmu Sejarah"
"208314","672","S1 KEDOKTERAN"
"208314","672","S1 KEDOKTERAN"
"232642","11","S1 Ilmu Hubungan Internasional"
"232642","11","S1 Ilmu Hubungan Internasional"
"171157","12","S1 Ilmu Komunikasi"
"235725","661","D4 TEKNOLOGI RADIOLOGI PENCITRAAN"
"217063","750","D4 MANAJEMEN PERKANTORAN DIGITAL"
"191532","16","S1 Antropologi"
"191532","16","S1 Antropologi"
"191532","16","S1 Antropologi"
"166959","673","S1 KEDOKTERAN GIGI"
"166959","673","S1 KEDOKTERAN GIGI"
"166959","673","S1 KEDOKTERAN GIGI"
"194132","755","S1 AKUAKULTUR (SIKIA.BANYUWANGI)"
"191599","17","S1 Sosiologi"
"236109","749","D4 MANAJEMEN PERHOTELAN"
"236109","749","D4 MANAJEMEN PERHOTELAN"
"226825","649","Spesialis-PERIODONSIA"
"226825","649","Spesialis-PERIODONSIA"
"226825","649","Spesialis-PERIODONSIA"
"209480","665","S1 BAHASA DAN SASTRA INDONESIA"
"232443","17","S1 Sosiologi"
"171417","23","S1 Matematika"
"167108","665","S1 BAHASA DAN SASTRA INDONESIA"
"188483","4","S1 Ilmu Hukum"
"167772","4","S1 Ilmu Hukum"
"167772","4","S1 Ilmu Hukum"
"167772","4","S1 Ilmu Hukum"
"167772","4","S1 Ilmu Hukum"
"167772","4","S1 Ilmu Hukum"
"167622","4","S1 Ilmu Hukum"
"187509","30","S1 Ilmu Sejarah"
"190064","667","S1 EKONOMI ISLAM"
"208305","672","S1 KEDOKTERAN"
"213240","670","S1 ILMU POLITIK"
"213240","670","S1 ILMU POLITIK"
"167898","4","S1 Ilmu Hukum"
"167898","4","S1 Ilmu Hukum"
"167898","4","S1 Ilmu Hukum"
"167898","4","S1 Ilmu Hukum"
"167898","4","S1 Ilmu Hukum"
"167898","4","S1 Ilmu Hukum"
"192251","14","S1 Ilmu Informasi dan Perpustakaan"
"226432","5","S1 Ekonomi Pembangunan"
"230122","5","S1 Ekonomi Pembangunan"
"195755","753","D4 TEKNOLOGI REKAYASA INSTRUMENTASI DAN KONTROL"
"195755","753","D4 TEKNOLOGI REKAYASA INSTRUMENTASI DAN KONTROL"
"225589","43","S2 Kenotariatan"
"194068","685","S2 PSIKOLOGI"
"237102","786","D4 KEARSIPAN DAN INFORMASI DIGITAL"
"208314","672","S1 KEDOKTERAN"
"208314","672","S1 KEDOKTERAN"
"208314","672","S1 KEDOKTERAN"
"208314","672","S1 KEDOKTERAN"
"192626","677","S1 TEKNIK BIOMEDIS"
"226841","505","S1-EKONOMI PEMBANGUNAN"
"187606","665","S1 BAHASA DAN SASTRA INDONESIA"
"209456","665","S1 BAHASA DAN SASTRA INDONESIA"
"236159","749","D4 MANAJEMEN PERHOTELAN"
"236159","749","D4 MANAJEMEN PERHOTELAN"
"167453","30","S1 Ilmu Sejarah"
"213444","12","S1 Ilmu Komunikasi"
"236690","750","D4 MANAJEMEN PERKANTORAN DIGITAL"
"236125","749","D4 MANAJEMEN PERHOTELAN"
"228989","666","S1 BAHASA DAN SASTRA INGGRIS"
"203894","43","S2 Kenotariatan"
"203894","43","S2 Kenotariatan"
"203894","43","S2 Kenotariatan"
"203894","43","S2 Kenotariatan"
"203894","43","S2 Kenotariatan"
"203894","43","S2 Kenotariatan"
"168057","675","S1 KEPERAWATAN"
"146575","30","S1 Ilmu Sejarah"
"209458","665","S1 BAHASA DAN SASTRA INDONESIA"
"209468","665","S1 BAHASA DAN SASTRA INDONESIA"
"209831","779","S1 Bahasa dan Sastra Jepang"
"234876","70","S2 Ilmu Linguistik"
"234876","70","S2 Ilmu Linguistik"
"235985","752","D4 TEKNOLOGI LABORATORIUM MEDIK"
"167164","665","S1 BAHASA DAN SASTRA INDONESIA"
"167457","30","S1 Ilmu Sejarah"
"232385","17","S1 Sosiologi"
"216867","748","D4 KESELAMATAN DAN KESEHATAN KERJA"
"216862","748","D4 KESELAMATAN DAN KESEHATAN KERJA"
"209788","30","S1 Ilmu Sejarah"
"209788","30","S1 Ilmu Sejarah"
"209788","30","S1 Ilmu Sejarah"
"209788","30","S1 Ilmu Sejarah"
"209788","30","S1 Ilmu Sejarah"
"187605","665","S1 BAHASA DAN SASTRA INDONESIA"
"187605","665","S1 BAHASA DAN SASTRA INDONESIA"
"210258","675","S1 KEPERAWATAN"
"226604","30","S1 Ilmu Sejarah"
"226604","30","S1 Ilmu Sejarah"
"192196","14","S1 Ilmu Informasi dan Perpustakaan"
"192196","14","S1 Ilmu Informasi dan Perpustakaan"
"167142","665","S1 BAHASA DAN SASTRA INDONESIA"
"167142","665","S1 BAHASA DAN SASTRA INDONESIA"
"167142","665","S1 BAHASA DAN SASTRA INDONESIA"
"228597","673","S1 KEDOKTERAN GIGI"
"187636","665","S1 BAHASA DAN SASTRA INDONESIA"
"213240","670","S1 ILMU POLITIK"
"228776","665","S1 BAHASA DAN SASTRA INDONESIA"
"167794","4","S1 Ilmu Hukum"
"171345","14","S1 Ilmu Informasi dan Perpustakaan"
"171345","14","S1 Ilmu Informasi dan Perpustakaan"
"170985","670","S1 ILMU POLITIK"
"233708","678","S1 TEKNIK LINGKUNGAN"
"227006","142","D3 AKUNTANSI"
"227006","142","D3 AKUNTANSI"
"195809","753","D4 TEKNOLOGI REKAYASA INSTRUMENTASI DAN KONTROL"
"206947","43","S2 Kenotariatan"
"204638","43","S2 Kenotariatan"
"216594","747","D4 DESTINASI PARIWISATA"
"210236","675","S1 KEPERAWATAN"
"233270","23","S1 Matematika"
"213068","11","S1 Ilmu Hubungan Internasional"
"209512","665","S1 BAHASA DAN SASTRA INDONESIA"
"171052","16","S1 Antropologi"
"192208","14","S1 Ilmu Informasi dan Perpustakaan"
"192208","14","S1 Ilmu Informasi dan Perpustakaan"
"192208","14","S1 Ilmu Informasi dan Perpustakaan"
"192208","14","S1 Ilmu Informasi dan Perpustakaan"
"167084","665","S1 BAHASA DAN SASTRA INDONESIA"
"167084","665","S1 BAHASA DAN SASTRA INDONESIA"
"168105","675","S1 KEPERAWATAN"
"167485","30","S1 Ilmu Sejarah"
"168105","675","S1 KEPERAWATAN"
"226827","576","D3-BAHASA INGGRIS"
"226827","576","D3-BAHASA INGGRIS"
"215249","42","S2 Ilmu Hukum"
"215249","42","S2 Ilmu Hukum"
"215249","42","S2 Ilmu Hukum"
"215249","42","S2 Ilmu Hukum"
"215249","42","S2 Ilmu Hukum"
"157148","676","S1 STUDI KEJEPANGAN"
"157148","676","S1 STUDI KEJEPANGAN"
"230016","5","S1 Ekonomi Pembangunan"
"226967","142","D3 AKUNTANSI"
"226764","69","S2 Kajian Sastra Dan Budaya"
"206947","43","S2 Kenotariatan"
"206947","43","S2 Kenotariatan"
"206947","43","S2 Kenotariatan"
"171052","16","S1 Antropologi"
"154364","12","S1 Ilmu Komunikasi"
"154364","12","S1 Ilmu Komunikasi"
"210370","675","S1 KEPERAWATAN"
"167600","4","S1 Ilmu Hukum"
"167600","4","S1 Ilmu Hukum"
